"id","site","job_url","job_url_direct","title","company","location","date_posted","job_type","salary_source","interval","min_amount","max_amount","currency","is_remote","job_level","job_function","listing_type","emails","description","company_industry","company_url","company_logo","company_url_direct","company_addresses","company_num_employees","company_revenue","company_description","skills","experience_range","company_rating","company_reviews_count","vacancy_count","work_from_home_type"
"li-4468168840","linkedin","https://www.linkedin.com/jobs/view/4468168840","","Machine Learning Engineer","ZoomInfo","","2026-09-22","","","","","","",False,"","","","","","","https://www.linkedin.com/company/zoominfo","","","","","","","","","","","",""
"li-4468169829","linkedin","https://www.linkedin.com/jobs/view/4468169829","","Machine Learning Engineer","ZoomInfo","Waltham, MA","2026-09-22","","","","","","",False,"","","","","","","https://www.linkedin.com/company/zoominfo","","","","","","","","","","","",""
"li-4470247414","linkedin","https://www.linkedin.com/jobs/view/4470247414","","Research Engineer","adaption","New York, NY","2026-09-22","","","","","","",False,"","","","","","","https://www.linkedin.com/company/adaption-labs","","","","","","","","","","","",""
"li-4432499181","linkedin","https://www.linkedin.com/jobs/view/4432499181","","Staff Machine Learning Engineer, Assistance Engineering","Airbnb","San Francisco, CA","2026-09-21","","","","","","",False,"","","","","","","https://www.linkedin.com/company/airbnb","","","","","","","","","","","",""
"li-4467310960","linkedin","https://www.linkedin.com/jobs/view/4467310960","","Senior AI/ML Engineer","Jobot","McLean, VA","2026-09-20","","","","","","",False,"","","","","","","https://www.linkedin.com/company/jobot","","","","","","","","","","","",""
"li-4449779832","linkedin","https://www.linkedin.com/jobs/view/4449779832","","Machine Learning Engineer II (Underwriting ML)","Affirm","Madison, WI","2026-09-20","","","","","","",False,"","","","","","","https://www.linkedin.com/company/affirm","","","","","","","","","","","",""
"li-4395578092","linkedin","https://www.linkedin.com/jobs/view/4395578092","","Engineer/Senior Engineer - Perception Capabilities","Motional","Pittsburgh, PA","2026-09-19","","","","","","",False,"","","","","","","https://www.linkedin.com/company/motional","","","","","","","","","","","",""
"li-4469275975","linkedin","https://www.linkedin.com/jobs/view/4469275975","","Machine Learning Engineer","H&R Block","Missouri, United States","2026-09-19","","","","","","",False,"","","","","","","https://www.linkedin.com/company/h&r-block","","","","","","","","","","","",""
"li-4469174884","linkedin","https://www.linkedin.com/jobs/view/4469174884","","Principal Machine Learning Engineer","Atlassian","Salt Lake City, UT","2026-09-18","","","","","","",False,"","","","","","","https://au.linkedin.com/company/atlassian","","","","","","","","","","","",""
"li-4468843997","linkedin","https://www.linkedin.com/jobs/view/4468843997","","Staff AI Engineer","CVS Health","Albany, NY","2026-09-18","","","","","","",False,"","","","","","","https://www.linkedin.com/company/cvshealth","","","","","","","","","","","",""
"li-4467581043","linkedin","https://www.linkedin.com/jobs/view/4467581043","","AI Engineer","Harnham","San Francisco County, CA","2026-09-17","","","","","","",False,"","","","","","","https://uk.linkedin.com/company/harnham","","","","","","","","","","","",""
"li-4422199640","linkedin","https://www.linkedin.com/jobs/view/4422199640","","AI Engineer","Booz Allen Hamilton","Arlington, VA","2026-09-17","","","","","","",False,"","","","","","","https://www.linkedin.com/company/booz-allen-hamilton","","","","","","","","","","","",""
"li-4449073393","linkedin","https://www.linkedin.com/jobs/view/4449073393","","Staff Machine Learning Engineer","Primer.ai","Washington, DC","2026-09-17","","","","","","",False,"","","","","","","https://www.linkedin.com/company/primer-ai","","","","","","","","","","","",""
"li-4468277938","linkedin","https://www.linkedin.com/jobs/view/4468277938","","Generative AI Engineer","Bright Vision Technologies","Hillsboro, OR","2026-09-16","","","","","","",False,"","","","","","","https://www.linkedin.com/company/in-bvteck","","","","","","","","","","","",""
"li-4468249243","linkedin","https://www.linkedin.com/jobs/view/4468249243","","Senior AI/ML Engineer - Remote","Optum","Eden Prairie, MN","2026-09-16","","","","","","",True,"","","","","","","https://www.linkedin.com/company/optum","","","","","","","","","","","",""
"li-4451989171","linkedin","https://www.linkedin.com/jobs/view/4451989171","","Sr. AI Engineer","Danaher","Washington, DC","","","","","","","",False,"","","","","","","https://www.linkedin.com/company/danaher","","","","","","","","","","","",""
"li-4470621210","linkedin","https://www.linkedin.com/jobs/view/4470621210","","AI Engineer","Bridgeway Benefit Technologies","Tampa, FL","","","","","","","",False,"","","","","","","https://www.linkedin.com/company/bridgewaybentech","","","","","","","","","","","",""
"li-4470466907","linkedin","https://www.linkedin.com/jobs/view/4470466907","","Senior Engineer, Machine Learning, Vision","Rockwell Automation","Mayfield Heights, OH","","","","","","","",False,"","","","","","","https://www.linkedin.com/company/rockwell-automation","","","","","","","","","","","",""
"li-4470472551","linkedin","https://www.linkedin.com/jobs/view/4470472551","","Senior Engineer, Machine Learning, Vision","Rockwell Automation","Milwaukee, WI","","","","","","","",False,"","","","","","","https://www.linkedin.com/company/rockwell-automation","","","","","","","","","","","",""
"li-4470950443","linkedin","https://www.linkedin.com/jobs/view/4470950443","","Staff AI Engineer (Remote Eligible)","Capital One","New York, NY","","","","","","","",True,"","","","","","","https://www.linkedin.com/company/capital-one","","","","","","","","","","","",""
